Entity,Code,Year,production
Angola,AGO,1990,5000
Angola,AGO,1991,5000
Angola,AGO,1992,5000
Angola,AGO,1993,4620
Angola,AGO,1994,2160
Angola,AGO,1995,3300
Angola,AGO,1996,2820
Angola,AGO,1997,3840
Angola,AGO,1998,5100
Angola,AGO,1999,3300
Angola,AGO,2000,4260
Angola,AGO,2001,3300
Angola,AGO,2002,1260
Angola,AGO,2003,2040
Angola,AGO,2004,1980
Angola,AGO,2005,3500
Angola,AGO,2006,5000
Angola,AGO,2007,11523
Angola,AGO,2008,4000
Angola,AGO,2009,11982
Angola,AGO,2010,9951
Angola,AGO,2011,10192
Angola,AGO,2012,11740
Angola,AGO,2013,12550
Angola,AGO,2014,15009
Angola,AGO,2015,15000
Angola,AGO,2016,14680
Angola,AGO,2017,14896
Angola,AGO,2018,14859
Angola,AGO,2019,14811
Belize,BLZ,1998,93
Belize,BLZ,1999,70
Belize,BLZ,2000,165
Belize,BLZ,2001,229
Belize,BLZ,2002,227
Belize,BLZ,2003,229
Belize,BLZ,2004,231
Belize,BLZ,2005,54
Belize,BLZ,2006,95
Belize,BLZ,2007,45
Belize,BLZ,2008,90
Belize,BLZ,2009,105
Belize,BLZ,2010,90
Belize,BLZ,2011,91
Belize,BLZ,2012,89
Belize,BLZ,2013,87
Belize,BLZ,2014,88
Belize,BLZ,2015,91
Belize,BLZ,2016,89
Belize,BLZ,2017,88
Belize,BLZ,2018,89
Belize,BLZ,2019,87
Benin,BEN,1990,120
Benin,BEN,1991,180
Benin,BEN,1992,200
Benin,BEN,1993,300
Benin,BEN,1994,200
Benin,BEN,1995,175
Benin,BEN,1996,165
Benin,BEN,1997,161
Benin,BEN,1998,154
Benin,BEN,1999,151
Benin,BEN,2000,143
Benin,BEN,2001,150
Benin,BEN,2002,100
Benin,BEN,2003,60
Benin,BEN,2004,86
Benin,BEN,2005,82
Benin,BEN,2006,60
Benin,BEN,2007,60
Benin,BEN,2008,70
Benin,BEN,2009,67
Benin,BEN,2010,60
Benin,BEN,2011,65
Benin,BEN,2012,68
Benin,BEN,2013,70
Benin,BEN,2014,57
Benin,BEN,2015,49
Benin,BEN,2016,59
Benin,BEN,2017,55
Benin,BEN,2018,54
Benin,BEN,2019,56
Bolivia,BOL,1990,24378
Bolivia,BOL,1991,14071
Bolivia,BOL,1992,15179
Bolivia,BOL,1993,13153
Bolivia,BOL,1994,19216
Bolivia,BOL,1995,20323
Bolivia,BOL,1996,22015
Bolivia,BOL,1997,22608
Bolivia,BOL,1998,22532
Bolivia,BOL,1999,26931
Bolivia,BOL,2000,27696
Bolivia,BOL,2001,24086
Bolivia,BOL,2002,24513
Bolivia,BOL,2003,24700
Bolivia,BOL,2004,24546
Bolivia,BOL,2005,24976
Bolivia,BOL,2006,25272
Bolivia,BOL,2007,27012
Bolivia,BOL,2008,27305
Bolivia,BOL,2009,28270
Bolivia,BOL,2010,27327
Bolivia,BOL,2011,27596
Bolivia,BOL,2012,28137
Bolivia,BOL,2013,29455
Bolivia,BOL,2014,20496
Bolivia,BOL,2015,20954
Bolivia,BOL,2016,21427
Bolivia,BOL,2017,21181
Bolivia,BOL,2018,22121
Bolivia,BOL,2019,24841
Brazil,BRA,1990,1464856
Brazil,BRA,1991,1520382
Brazil,BRA,1992,1294373
Brazil,BRA,1993,1278759
Brazil,BRA,1994,1307289
Brazil,BRA,1995,930135
Brazil,BRA,1996,1369196
Brazil,BRA,1997,1228513
Brazil,BRA,1998,1689366
Brazil,BRA,1999,1631852
Brazil,BRA,2000,1903562
Brazil,BRA,2001,1819569
Brazil,BRA,2002,2610524
Brazil,BRA,2003,1987074
Brazil,BRA,2004,2465710
Brazil,BRA,2005,2140169
Brazil,BRA,2006,2573368
Brazil,BRA,2007,2249011
Brazil,BRA,2008,2796927
Brazil,BRA,2009,2440056
Brazil,BRA,2010,2907265
Brazil,BRA,2011,2700540
Brazil,BRA,2012,3037534
Brazil,BRA,2013,2964538
Brazil,BRA,2014,2804070
Brazil,BRA,2015,2647504
Brazil,BRA,2016,3024466
Brazil,BRA,2017,2684508
Brazil,BRA,2018,3552729
Brazil,BRA,2019,3011745
Burundi,BDI,1990,32694
Burundi,BDI,1991,34204
Burundi,BDI,1992,37215
Burundi,BDI,1993,22991
Burundi,BDI,1994,41293
Burundi,BDI,1995,25516
Burundi,BDI,1996,26875
Burundi,BDI,1997,19991
Burundi,BDI,1998,16937
Burundi,BDI,1999,29130
Burundi,BDI,2000,67439
Burundi,BDI,2001,70980
Burundi,BDI,2002,182182
Burundi,BDI,2003,35682
Burundi,BDI,2004,204509
Burundi,BDI,2005,34828
Burundi,BDI,2006,149460
Burundi,BDI,2007,31964
Burundi,BDI,2008,100475
Burundi,BDI,2009,20517
Burundi,BDI,2010,89960
Burundi,BDI,2011,41960
Burundi,BDI,2012,26340
Burundi,BDI,2013,22625
Burundi,BDI,2014,10405
Burundi,BDI,2015,18367
Burundi,BDI,2016,13624
Burundi,BDI,2017,16340
Burundi,BDI,2018,14216
Burundi,BDI,2019,14059
Cambodia,KHM,1990,160
Cambodia,KHM,1991,170
Cambodia,KHM,1992,180
Cambodia,KHM,1993,198
Cambodia,KHM,1994,190
Cambodia,KHM,1995,200
Cambodia,KHM,1996,250
Cambodia,KHM,1997,280
Cambodia,KHM,1998,290
Cambodia,KHM,1999,300
Cambodia,KHM,2000,300
Cambodia,KHM,2001,300
Cambodia,KHM,2002,300
Cambodia,KHM,2003,305
Cambodia,KHM,2004,310
Cambodia,KHM,2005,320
Cambodia,KHM,2006,300
Cambodia,KHM,2007,320
Cambodia,KHM,2008,330
Cambodia,KHM,2009,350
Cambodia,KHM,2010,362
Cambodia,KHM,2011,349
Cambodia,KHM,2012,350
Cambodia,KHM,2013,353
Cambodia,KHM,2014,357
Cambodia,KHM,2015,370
Cambodia,KHM,2016,360
Cambodia,KHM,2017,362
Cambodia,KHM,2018,364
Cambodia,KHM,2019,362
Cameroon,CMR,1990,100980
Cameroon,CMR,1991,115080
Cameroon,CMR,1992,76200
Cameroon,CMR,1993,68417
Cameroon,CMR,1994,73743
Cameroon,CMR,1995,74000
Cameroon,CMR,1996,104121
Cameroon,CMR,1997,63600
Cameroon,CMR,1998,112532
Cameroon,CMR,1999,98000
Cameroon,CMR,2000,86200
Cameroon,CMR,2001,70500
Cameroon,CMR,2002,41000
Cameroon,CMR,2003,48000
Cameroon,CMR,2004,54000
Cameroon,CMR,2005,60000
Cameroon,CMR,2006,62300
Cameroon,CMR,2007,47792
Cameroon,CMR,2008,50687
Cameroon,CMR,2009,48123
Cameroon,CMR,2010,66584
Cameroon,CMR,2011,26322
Cameroon,CMR,2012,38127
Cameroon,CMR,2013,41800
Cameroon,CMR,2014,38082
Cameroon,CMR,2015,35938
Cameroon,CMR,2016,35600
Cameroon,CMR,2017,36540
Cameroon,CMR,2018,36026
Cameroon,CMR,2019,36055
Cape Verde,CPV,1990,50
Cape Verde,CPV,1991,10
Cape Verde,CPV,1992,0
Cape Verde,CPV,2011,62
Cape Verde,CPV,2012,88
Cape Verde,CPV,2013,62
Cape Verde,CPV,2014,52
Cape Verde,CPV,2015,52
Cape Verde,CPV,2016,68
Cape Verde,CPV,2017,47
Cape Verde,CPV,2018,46
Cape Verde,CPV,2019,40
Central African Republic,CAF,1990,14314
Central African Republic,CAF,1991,17625
Central African Republic,CAF,1992,9036
Central African Republic,CAF,1993,9124
Central African Republic,CAF,1994,14500
Central African Republic,CAF,1995,9000
Central African Republic,CAF,1996,18000
Central African Republic,CAF,1997,15000
Central African Republic,CAF,1998,12037
Central African Republic,CAF,1999,11260
Central African Republic,CAF,2000,12900
Central African Republic,CAF,2001,12300
Central African Republic,CAF,2002,13000
Central African Republic,CAF,2003,5520
Central African Republic,CAF,2004,4320
Central African Republic,CAF,2005,3300
Central African Republic,CAF,2006,1500
Central African Republic,CAF,2007,2400
Central African Republic,CAF,2008,3300
Central African Republic,CAF,2009,3544
Central African Republic,CAF,2010,5270
Central African Republic,CAF,2011,6218
Central African Republic,CAF,2012,6923
Central African Republic,CAF,2013,7975
Central African Republic,CAF,2014,10799
Central African Republic,CAF,2015,9050
Central African Republic,CAF,2016,10120
Central African Republic,CAF,2017,9299
Central African Republic,CAF,2018,9374
Central African Republic,CAF,2019,10118
China,CHN,1990,6300
China,CHN,1991,3500
China,CHN,1992,3800
China,CHN,1993,4000
China,CHN,1994,3250
China,CHN,1995,3196
China,CHN,1996,3023
China,CHN,1997,3573
China,CHN,1998,6237
China,CHN,1999,8743
China,CHN,2000,11568
China,CHN,2001,17202
China,CHN,2002,19456
China,CHN,2003,23144
China,CHN,2004,21659
China,CHN,2005,21919
China,CHN,2006,25655
China,CHN,2007,26000
China,CHN,2008,33278
China,CHN,2009,70405
China,CHN,2010,49596
China,CHN,2011,65384
China,CHN,2012,92064
China,CHN,2013,116826
China,CHN,2014,127586
China,CHN,2015,115140
China,CHN,2016,113345
China,CHN,2017,114074
China,CHN,2018,115500
China,CHN,2019,120000
Colombia,COL,1990,845000
Colombia,COL,1991,970740
Colombia,COL,1992,1100000
Colombia,COL,1993,818220
Colombia,COL,1994,721860
Colombia,COL,1995,821820
Colombia,COL,1996,671401
Colombia,COL,1997,642239
Colombia,COL,1998,766980
Colombia,COL,1999,546720
Colombia,COL,2000,637140
Colombia,COL,2001,656160
Colombia,COL,2002,696840
Colombia,COL,2003,694080
Colombia,COL,2004,674400
Colombia,COL,2005,667140
Colombia,COL,2006,724740
Colombia,COL,2007,757080
Colombia,COL,2008,688680
Colombia,COL,2009,468720
Colombia,COL,2010,535380
Colombia,COL,2011,468540
Colombia,COL,2012,462000
Colombia,COL,2013,653160
Colombia,COL,2014,728400
Colombia,COL,2015,827750
Colombia,COL,2016,818243
Colombia,COL,2017,851640
Colombia,COL,2018,813420
Colombia,COL,2019,885120
Comoros,COM,1990,90
Comoros,COM,1991,91
Comoros,COM,1992,92
Comoros,COM,1993,92
Comoros,COM,1994,93
Comoros,COM,1995,94
Comoros,COM,1996,94
Comoros,COM,1997,95
Comoros,COM,1998,96
Comoros,COM,1999,98
Comoros,COM,2000,98
Comoros,COM,2001,101
Comoros,COM,2002,103
Comoros,COM,2003,100
Comoros,COM,2004,110
Comoros,COM,2005,120
Comoros,COM,2006,119
Comoros,COM,2007,121
Comoros,COM,2008,123
Comoros,COM,2009,124
Comoros,COM,2010,126
Comoros,COM,2011,127
Comoros,COM,2012,130
Comoros,COM,2013,132
Comoros,COM,2014,133
Comoros,COM,2015,135
Comoros,COM,2016,136
Comoros,COM,2017,137
Comoros,COM,2018,138
Comoros,COM,2019,139
Congo,COG,1990,1354
Congo,COG,1991,1401
Congo,COG,1992,1450
Congo,COG,1993,1501
Congo,COG,1994,1553
Congo,COG,1995,1606
Congo,COG,1996,1600
Congo,COG,1997,1338
Congo,COG,1998,850
Congo,COG,1999,1490
Congo,COG,2000,1550
Congo,COG,2001,1612
Congo,COG,2002,1687
Congo,COG,2003,2000
Congo,COG,2004,2800
Congo,COG,2005,3300
Congo,COG,2006,3000
Congo,COG,2007,3000
Congo,COG,2008,2400
Congo,COG,2009,2700
Congo,COG,2010,2827
Congo,COG,2011,2901
Congo,COG,2012,2935
Congo,COG,2013,2987
Congo,COG,2014,3005
Congo,COG,2015,3039
Congo,COG,2016,3062
Congo,COG,2017,3035
Congo,COG,2018,3045
Congo,COG,2019,3048
Cook Islands,COK,1990,2
Cook Islands,COK,1991,2
Cook Islands,COK,1992,5
Cook Islands,COK,1993,4
Cook Islands,COK,1994,8
Cook Islands,COK,1995,15
Cook Islands,COK,1996,20
Cook Islands,COK,1997,15
Cook Islands,COK,1998,10
Cook Islands,COK,1999,5
Cook Islands,COK,2000,6
Cook Islands,COK,2001,7
Cook Islands,COK,2002,7
Cook Islands,COK,2003,3
Cook Islands,COK,2004,0
Cook Islands,COK,2005,0
Cook Islands,COK,2006,0
Cook Islands,COK,2007,0
Cook Islands,COK,2008,0
Cook Islands,COK,2009,0
Cook Islands,COK,2010,0
Cook Islands,COK,2011,0
Cook Islands,COK,2012,0
Cook Islands,COK,2013,0
Cook Islands,COK,2014,0
Cook Islands,COK,2015,0
Cook Islands,COK,2016,0
Cook Islands,COK,2017,0
Cook Islands,COK,2018,0
Cook Islands,COK,2019,0
Costa Rica,CRI,1990,151100
Costa Rica,CRI,1991,158000
Costa Rica,CRI,1992,168000
Costa Rica,CRI,1993,156927
Costa Rica,CRI,1994,147998
Costa Rica,CRI,1995,150061
Costa Rica,CRI,1996,154131
Costa Rica,CRI,1997,132015
Costa Rica,CRI,1998,152385
Costa Rica,CRI,1999,147868
Costa Rica,CRI,2000,161395
Costa Rica,CRI,2001,150289
Costa Rica,CRI,2002,140874
Costa Rica,CRI,2003,132259
Costa Rica,CRI,2004,126000
Costa Rica,CRI,2005,125669
Costa Rica,CRI,2006,101038
Costa Rica,CRI,2007,121058
Costa Rica,CRI,2008,111959
Costa Rica,CRI,2009,91403
Costa Rica,CRI,2010,91620
Costa Rica,CRI,2011,95038
Costa Rica,CRI,2012,117873
Costa Rica,CRI,2013,71381
Costa Rica,CRI,2014,96735
Costa Rica,CRI,2015,83846
Costa Rica,CRI,2016,93720
Costa Rica,CRI,2017,90419
Costa Rica,CRI,2018,66611
Costa Rica,CRI,2019,66301
Cote d'Ivoire,CIV,1990,285164
Cote d'Ivoire,CIV,1991,198909
Cote d'Ivoire,CIV,1992,257000
Cote d'Ivoire,CIV,1993,138937
Cote d'Ivoire,CIV,1994,145576
Cote d'Ivoire,CIV,1995,194968
Cote d'Ivoire,CIV,1996,167786
Cote d'Ivoire,CIV,1997,279219
Cote d'Ivoire,CIV,1998,311000
Cote d'Ivoire,CIV,1999,307331
Cote d'Ivoire,CIV,2000,380000
Cote d'Ivoire,CIV,2001,301127
Cote d'Ivoire,CIV,2002,182001
Cote d'Ivoire,CIV,2003,140027
Cote d'Ivoire,CIV,2004,154081
Cote d'Ivoire,CIV,2005,230000
Cote d'Ivoire,CIV,2006,187000
Cote d'Ivoire,CIV,2007,170849
Cote d'Ivoire,CIV,2008,173118
Cote d'Ivoire,CIV,2009,142945
Cote d'Ivoire,CIV,2010,94372
Cote d'Ivoire,CIV,2011,32291
Cote d'Ivoire,CIV,2012,121426
Cote d'Ivoire,CIV,2013,103743
Cote d'Ivoire,CIV,2014,109913
Cote d'Ivoire,CIV,2015,127000
Cote d'Ivoire,CIV,2016,106000
Cote d'Ivoire,CIV,2017,33600
Cote d'Ivoire,CIV,2018,41434
Cote d'Ivoire,CIV,2019,65036
Cuba,CUB,1990,24900
Cuba,CUB,1991,22740
Cuba,CUB,1992,18720
Cuba,CUB,1993,17100
Cuba,CUB,1994,17040
Cuba,CUB,1995,17100
Cuba,CUB,1996,16680
Cuba,CUB,1997,19980
Cuba,CUB,1998,13500
Cuba,CUB,1999,22020
Cuba,CUB,2000,16500
Cuba,CUB,2001,15720
Cuba,CUB,2002,14700
Cuba,CUB,2003,15000
Cuba,CUB,2004,15240
Cuba,CUB,2005,10800
Cuba,CUB,2006,8400
Cuba,CUB,2007,13500
Cuba,CUB,2008,6240
Cuba,CUB,2009,7980
Cuba,CUB,2010,8430
Cuba,CUB,2011,10150
Cuba,CUB,2012,7560
Cuba,CUB,2013,8944
Cuba,CUB,2014,9203
Cuba,CUB,2015,7417
Cuba,CUB,2016,7540
Cuba,CUB,2017,6780
Cuba,CUB,2018,7680
Cuba,CUB,2019,7800
Democratic Republic of Congo,COD,1990,101594
Democratic Republic of Congo,COD,1991,95000
Democratic Republic of Congo,COD,1992,92400
Democratic Republic of Congo,COD,1993,90109
Democratic Republic of Congo,COD,1994,88346
Democratic Republic of Congo,COD,1995,84714
Democratic Republic of Congo,COD,1996,73975
Democratic Republic of Congo,COD,1997,70299
Democratic Republic of Congo,COD,1998,55991
Democratic Republic of Congo,COD,1999,48605
Democratic Republic of Congo,COD,2000,46767
Democratic Republic of Congo,COD,2001,34723
Democratic Republic of Congo,COD,2002,32080
Democratic Republic of Congo,COD,2003,32050
Democratic Republic of Congo,COD,2004,32020
Democratic Republic of Congo,COD,2005,31990
Democratic Republic of Congo,COD,2006,31960
Democratic Republic of Congo,COD,2007,31930
Democratic Republic of Congo,COD,2008,31900
Democratic Republic of Congo,COD,2009,31870
Democratic Republic of Congo,COD,2010,31840
Democratic Republic of Congo,COD,2011,31810
Democratic Republic of Congo,COD,2012,31562
Democratic Republic of Congo,COD,2013,29701
Democratic Republic of Congo,COD,2014,28233
Democratic Republic of Congo,COD,2015,30999
Democratic Republic of Congo,COD,2016,29644
Democratic Republic of Congo,COD,2017,29626
Democratic Republic of Congo,COD,2018,30090
Democratic Republic of Congo,COD,2019,29787
Dominica,DMA,1990,178
Dominica,DMA,1991,205
Dominica,DMA,1992,204
Dominica,DMA,1993,340
Dominica,DMA,1994,350
Dominica,DMA,1995,349
Dominica,DMA,1996,360
Dominica,DMA,1997,360
Dominica,DMA,1998,362
Dominica,DMA,1999,370
Dominica,DMA,2000,366
Dominica,DMA,2001,368
Dominica,DMA,2002,371
Dominica,DMA,2003,380
Dominica,DMA,2004,380
Dominica,DMA,2005,385
Dominica,DMA,2006,386
Dominica,DMA,2007,405
Dominica,DMA,2008,365
Dominica,DMA,2009,337
Dominica,DMA,2010,308
Dominica,DMA,2011,281
Dominica,DMA,2012,235
Dominica,DMA,2013,250
Dominica,DMA,2014,239
Dominica,DMA,2015,215
Dominica,DMA,2016,235
Dominica,DMA,2017,229
Dominica,DMA,2018,226
Dominica,DMA,2019,230
Dominican Republic,DOM,1990,59377
Dominican Republic,DOM,1991,55222
Dominican Republic,DOM,1992,42464
Dominican Republic,DOM,1993,37744
Dominican Republic,DOM,1994,32715
Dominican Republic,DOM,1995,42407
Dominican Republic,DOM,1996,47895
Dominican Republic,DOM,1997,33997
Dominican Republic,DOM,1998,56943
Dominican Republic,DOM,1999,34609
Dominican Republic,DOM,2000,45546
Dominican Republic,DOM,2001,35476
Dominican Republic,DOM,2002,37330
Dominican Republic,DOM,2003,36929
Dominican Republic,DOM,2004,35421
Dominican Republic,DOM,2005,40303
Dominican Republic,DOM,2006,41352
Dominican Republic,DOM,2007,41232
Dominican Republic,DOM,2008,35582
Dominican Republic,DOM,2009,37950
Dominican Republic,DOM,2010,21876
Dominican Republic,DOM,2011,22680
Dominican Republic,DOM,2012,27009
Dominican Republic,DOM,2013,18552
Dominican Republic,DOM,2014,13213
Dominican Republic,DOM,2015,9888
Dominican Republic,DOM,2016,11471
Dominican Republic,DOM,2017,15241
Dominican Republic,DOM,2018,18416
Dominican Republic,DOM,2019,13873
Ecuador,ECU,1990,134980
Ecuador,ECU,1991,116917
Ecuador,ECU,1992,137671
Ecuador,ECU,1993,137004
Ecuador,ECU,1994,186797
Ecuador,ECU,1995,148205
Ecuador,ECU,1996,168919
Ecuador,ECU,1997,173868
Ecuador,ECU,1998,48190
Ecuador,ECU,1999,132939
Ecuador,ECU,2000,27606
Ecuador,ECU,2001,164790
Ecuador,ECU,2002,23325
Ecuador,ECU,2003,23579
Ecuador,ECU,2004,27932
Ecuador,ECU,2005,40805
Ecuador,ECU,2006,31461
Ecuador,ECU,2007,38687
Ecuador,ECU,2008,32096
Ecuador,ECU,2009,33624
Ecuador,ECU,2010,31347
Ecuador,ECU,2011,23829
Ecuador,ECU,2012,7340
Ecuador,ECU,2013,7760
Ecuador,ECU,2014,4225
Ecuador,ECU,2015,5297
Ecuador,ECU,2016,3905
Ecuador,ECU,2017,7564
Ecuador,ECU,2018,5065
Ecuador,ECU,2019,8141
El Salvador,SLV,1990,147200
El Salvador,SLV,1991,149450
El Salvador,SLV,1992,175720
El Salvador,SLV,1993,140576
El Salvador,SLV,1994,140534
El Salvador,SLV,1995,139513
El Salvador,SLV,1996,148859
El Salvador,SLV,1997,124239
El Salvador,SLV,1998,117214
El Salvador,SLV,1999,160782
El Salvador,SLV,2000,114087
El Salvador,SLV,2001,112201
El Salvador,SLV,2002,91513
El Salvador,SLV,2003,81157
El Salvador,SLV,2004,83088
El Salvador,SLV,2005,87963
El Salvador,SLV,2006,85350
El Salvador,SLV,2007,96355
El Salvador,SLV,2008,97727
El Salvador,SLV,2009,76591
El Salvador,SLV,2010,112636
El Salvador,SLV,2011,82095
El Salvador,SLV,2012,89489
El Salvador,SLV,2013,32864
El Salvador,SLV,2014,41965
El Salvador,SLV,2015,35682
El Salvador,SLV,2016,38636
El Salvador,SLV,2017,41141
El Salvador,SLV,2018,45660
El Salvador,SLV,2019,39660
Equatorial Guinea,GNQ,1990,6500
Equatorial Guinea,GNQ,1991,6000
Equatorial Guinea,GNQ,1992,5500
Equatorial Guinea,GNQ,1993,5329
Equatorial Guinea,GNQ,1994,5000
Equatorial Guinea,GNQ,1995,4500
Equatorial Guinea,GNQ,1996,5000
Equatorial Guinea,GNQ,1997,5000
Equatorial Guinea,GNQ,1998,5000
Equatorial Guinea,GNQ,1999,3500
Equatorial Guinea,GNQ,2000,5000
Equatorial Guinea,GNQ,2001,5000
Equatorial Guinea,GNQ,2002,5000
Equatorial Guinea,GNQ,2003,5000
Equatorial Guinea,GNQ,2004,4000
Equatorial Guinea,GNQ,2005,4000
Equatorial Guinea,GNQ,2006,4500
Equatorial Guinea,GNQ,2007,4398
Equatorial Guinea,GNQ,2008,4300
Equatorial Guinea,GNQ,2009,4000
Equatorial Guinea,GNQ,2010,4251
Equatorial Guinea,GNQ,2011,4343
Equatorial Guinea,GNQ,2012,4595
Equatorial Guinea,GNQ,2013,4402
Equatorial Guinea,GNQ,2014,4385
Equatorial Guinea,GNQ,2015,4254
Equatorial Guinea,GNQ,2016,4174
Equatorial Guinea,GNQ,2017,4205
Equatorial Guinea,GNQ,2018,4226
Equatorial Guinea,GNQ,2019,4207
Eritrea and Ethiopia,OWID_ERE,1990,204000
Eritrea and Ethiopia,OWID_ERE,1991,210000
Eritrea and Ethiopia,OWID_ERE,1992,216000
Ethiopia,ETH,1993,180000
Ethiopia,ETH,1994,207000
Ethiopia,ETH,1995,229980
Ethiopia,ETH,1996,229980
Ethiopia,ETH,1997,228000
Ethiopia,ETH,1998,229980
Ethiopia,ETH,1999,217450
Ethiopia,ETH,2000,229980
Ethiopia,ETH,2001,157155
Ethiopia,ETH,2002,160000
Ethiopia,ETH,2003,126188
Ethiopia,ETH,2004,156170
Ethiopia,ETH,2005,171631
Ethiopia,ETH,2006,241482
Ethiopia,ETH,2007,273400
Ethiopia,ETH,2008,260239
Ethiopia,ETH,2009,265469
Ethiopia,ETH,2010,370569
Ethiopia,ETH,2011,376823
Ethiopia,ETH,2012,275530
Ethiopia,ETH,2013,392006
Ethiopia,ETH,2014,419980
Ethiopia,ETH,2015,457014
Ethiopia,ETH,2016,469091
Ethiopia,ETH,2017,449230
Ethiopia,ETH,2018,494574
Ethiopia,ETH,2019,482561
Fiji,FJI,1990,660
Fiji,FJI,1991,354
Fiji,FJI,1992,226
Fiji,FJI,1993,176
Fiji,FJI,1994,11
Fiji,FJI,1995,10
Fiji,FJI,1996,10
Fiji,FJI,1997,11
Fiji,FJI,1998,11
Fiji,FJI,1999,11
Fiji,FJI,2000,15
Fiji,FJI,2001,16
Fiji,FJI,2002,15
Fiji,FJI,2003,15
Fiji,FJI,2004,15
Fiji,FJI,2005,15
Fiji,FJI,2006,14
Fiji,FJI,2007,15
Fiji,FJI,2008,15
Fiji,FJI,2009,15
Fiji,FJI,2010,15
Fiji,FJI,2011,16
Fiji,FJI,2012,18
Fiji,FJI,2013,20
Fiji,FJI,2014,21
Fiji,FJI,2015,8
Fiji,FJI,2016,16
Fiji,FJI,2017,15
Fiji,FJI,2018,13
Fiji,FJI,2019,15
French Polynesia,PYF,1990,6
French Polynesia,PYF,1991,13
French Polynesia,PYF,1992,4
French Polynesia,PYF,1993,8
French Polynesia,PYF,1994,9
French Polynesia,PYF,1995,10
French Polynesia,PYF,1996,10
French Polynesia,PYF,1997,11
French Polynesia,PYF,1998,16
French Polynesia,PYF,1999,18
French Polynesia,PYF,2000,18
French Polynesia,PYF,2001,18
French Polynesia,PYF,2002,17
French Polynesia,PYF,2003,17
French Polynesia,PYF,2004,15
French Polynesia,PYF,2005,16
French Polynesia,PYF,2006,17
French Polynesia,PYF,2007,17
French Polynesia,PYF,2008,16
French Polynesia,PYF,2009,18
French Polynesia,PYF,2010,18
French Polynesia,PYF,2011,20
French Polynesia,PYF,2012,20
French Polynesia,PYF,2013,22
French Polynesia,PYF,2014,20
French Polynesia,PYF,2015,21
French Polynesia,PYF,2016,22
French Polynesia,PYF,2017,21
French Polynesia,PYF,2018,21
French Polynesia,PYF,2019,21
Gabon,GAB,1990,269
Gabon,GAB,1991,451
Gabon,GAB,1992,193
Gabon,GAB,1993,256
Gabon,GAB,1994,259
Gabon,GAB,1995,159
Gabon,GAB,1996,219
Gabon,GAB,1997,154
Gabon,GAB,1998,145
Gabon,GAB,1999,125
Gabon,GAB,2000,198
Gabon,GAB,2001,60
Gabon,GAB,2002,180
Gabon,GAB,2003,120
Gabon,GAB,2004,135
Gabon,GAB,2005,131
Gabon,GAB,2006,120
Gabon,GAB,2007,125
Gabon,GAB,2008,121
Gabon,GAB,2009,117
Gabon,GAB,2010,113
Gabon,GAB,2011,109
Gabon,GAB,2012,106
Gabon,GAB,2013,109
Gabon,GAB,2014,102
Gabon,GAB,2015,93
Gabon,GAB,2016,102
Gabon,GAB,2017,99
Gabon,GAB,2018,98
Gabon,GAB,2019,99
Ghana,GHA,1990,1000
Ghana,GHA,1991,2300
Ghana,GHA,1992,2400
Ghana,GHA,1993,4000
Ghana,GHA,1994,3000
Ghana,GHA,1995,3575
Ghana,GHA,1996,6330
Ghana,GHA,1997,2880
Ghana,GHA,1998,8370
Ghana,GHA,1999,3965
Ghana,GHA,2000,1956
Ghana,GHA,2001,1379
Ghana,GHA,2002,1464
Ghana,GHA,2003,900
Ghana,GHA,2004,1140
Ghana,GHA,2005,1200
Ghana,GHA,2006,1740
Ghana,GHA,2007,1860
Ghana,GHA,2008,1620
Ghana,GHA,2009,1860
Ghana,GHA,2010,1200
Ghana,GHA,2011,550
Ghana,GHA,2012,600
Ghana,GHA,2013,698
Ghana,GHA,2014,736
Ghana,GHA,2015,736
Ghana,GHA,2016,736
Ghana,GHA,2017,736
Ghana,GHA,2018,736
Ghana,GHA,2019,736
Guadeloupe,GLP,1990,20
Guadeloupe,GLP,1991,20
Guadeloupe,GLP,1992,47
Guadeloupe,GLP,1993,53
Guadeloupe,GLP,1994,23
Guadeloupe,GLP,1995,15
Guadeloupe,GLP,1996,24
Guadeloupe,GLP,1997,27
Guadeloupe,GLP,1998,29
Guadeloupe,GLP,1999,32
Guadeloupe,GLP,2000,35
Guadeloupe,GLP,2001,35
Guadeloupe,GLP,2002,35
Guadeloupe,GLP,2003,30
Guadeloupe,GLP,2004,19
Guadeloupe,GLP,2005,25
Guadeloupe,GLP,2006,24
Guatemala,GTM,1990,202400
Guatemala,GTM,1991,196190
Guatemala,GTM,1992,206586
Guatemala,GTM,1993,208650
Guatemala,GTM,1994,213900
Guatemala,GTM,1995,210920
Guatemala,GTM,1996,240300
Guatemala,GTM,1997,271440
Guatemala,GTM,1998,253080
Guatemala,GTM,1999,293520
Guatemala,GTM,2000,312060
Guatemala,GTM,2001,261097
Guatemala,GTM,2002,255091
Guatemala,GTM,2003,244200
Guatemala,GTM,2004,250279
Guatemala,GTM,2005,248277
Guatemala,GTM,2006,240331
Guatemala,GTM,2007,248614
Guatemala,GTM,2008,254914
Guatemala,GTM,2009,247503
Guatemala,GTM,2010,248355
Guatemala,GTM,2011,265401
Guatemala,GTM,2012,272432
Guatemala,GTM,2013,248668
Guatemala,GTM,2014,227653
Guatemala,GTM,2015,225653
Guatemala,GTM,2016,236145
Guatemala,GTM,2017,224000
Guatemala,GTM,2018,240400
Guatemala,GTM,2019,216400
Guinea,GIN,1990,30000
Guinea,GIN,1991,30000
Guinea,GIN,1992,28804
Guinea,GIN,1993,28800
Guinea,GIN,1994,30000
Guinea,GIN,1995,28000
Guinea,GIN,1996,22750
Guinea,GIN,1997,20000
Guinea,GIN,1998,20888
Guinea,GIN,1999,22119
Guinea,GIN,2000,22080
Guinea,GIN,2001,14160
Guinea,GIN,2002,19680
Guinea,GIN,2003,20880
Guinea,GIN,2004,20220
Guinea,GIN,2005,20770
Guinea,GIN,2006,23226
Guinea,GIN,2007,26556
Guinea,GIN,2008,27353
Guinea,GIN,2009,28173
Guinea,GIN,2010,29018
Guinea,GIN,2011,30320
Guinea,GIN,2012,17907
Guinea,GIN,2013,18440
Guinea,GIN,2014,25787
Guinea,GIN,2015,32230
Guinea,GIN,2016,38900
Guinea,GIN,2017,40800
Guinea,GIN,2018,50000
Guinea,GIN,2019,56670
Guyana,GUY,1990,300
Guyana,GUY,1991,300
Guyana,GUY,1992,300
Guyana,GUY,1993,300
Guyana,GUY,1994,300
Guyana,GUY,1995,300
Guyana,GUY,1996,285
Guyana,GUY,1997,261
Guyana,GUY,1998,136
Guyana,GUY,1999,140
Guyana,GUY,2000,15
Guyana,GUY,2001,153
Guyana,GUY,2002,300
Guyana,GUY,2003,480
Guyana,GUY,2004,480
Guyana,GUY,2005,480
Guyana,GUY,2006,480
Guyana,GUY,2007,480
Guyana,GUY,2008,480
Guyana,GUY,2009,420
Guyana,GUY,2010,420
Guyana,GUY,2011,420
Guyana,GUY,2012,420
Guyana,GUY,2013,420
Guyana,GUY,2014,420
Guyana,GUY,2015,420
Guyana,GUY,2016,420
Guyana,GUY,2017,420
Guyana,GUY,2018,420
Guyana,GUY,2019,420
Haiti,HTI,1990,37200
Haiti,HTI,1991,37000
Haiti,HTI,1992,27355
Haiti,HTI,1993,33600
Haiti,HTI,1994,31000
Haiti,HTI,1995,29000
Haiti,HTI,1996,27000
Haiti,HTI,1997,29155
Haiti,HTI,1998,27239
Haiti,HTI,1999,28000
Haiti,HTI,2000,30000
Haiti,HTI,2001,28000
Haiti,HTI,2002,27000
Haiti,HTI,2003,30000
Haiti,HTI,2004,29000
Haiti,HTI,2005,35000
Haiti,HTI,2006,35000
Haiti,HTI,2007,47000
Haiti,HTI,2008,35000
Haiti,HTI,2009,36482
Haiti,HTI,2010,38193
Haiti,HTI,2011,39232
Haiti,HTI,2012,40184
Haiti,HTI,2013,58720
Haiti,HTI,2014,35232
Haiti,HTI,2015,20452
Haiti,HTI,2016,20495
Haiti,HTI,2017,20543
Haiti,HTI,2018,20820
Haiti,HTI,2019,20820
Honduras,HND,1990,119784
Honduras,HND,1991,101890
Honduras,HND,1992,111660
Honduras,HND,1993,110481
Honduras,HND,1994,126182
Honduras,HND,1995,132400
Honduras,HND,1996,148830
Honduras,HND,1997,162658
Honduras,HND,1998,172772
Honduras,HND,1999,157409
Honduras,HND,2000,193309
Honduras,HND,2001,205545
Honduras,HND,2002,172727
Honduras,HND,2003,175284
Honduras,HND,2004,185090
Honduras,HND,2005,190640
Honduras,HND,2006,213636
Honduras,HND,2007,236302
Honduras,HND,2008,240948
Honduras,HND,2009,231288
Honduras,HND,2010,244335
Honduras,HND,2011,284347
Honduras,HND,2012,343403
Honduras,HND,2013,280697
Honduras,HND,2014,282230
Honduras,HND,2015,332747
Honduras,HND,2016,366542
Honduras,HND,2017,477580
Honduras,HND,2018,478831
Honduras,HND,2019,472497
India,IND,1990,118100
India,IND,1991,170000
India,IND,1992,180000
India,IND,1993,162000
India,IND,1994,208000
India,IND,1995,180000
India,IND,1996,223000
India,IND,1997,205000
India,IND,1998,228000
India,IND,1999,265000
India,IND,2000,292000
India,IND,2001,301000
India,IND,2002,301000
India,IND,2003,275275
India,IND,2004,270500
India,IND,2005,275500
India,IND,2006,274000
India,IND,2007,288000
India,IND,2008,262000
India,IND,2009,262300
India,IND,2010,289600
India,IND,2011,302000
India,IND,2012,314000
India,IND,2013,318200
India,IND,2014,304500
India,IND,2015,327000
India,IND,2016,348000
India,IND,2017,312000
India,IND,2018,316000
India,IND,2019,319500
Indonesia,IDN,1990,412767
Indonesia,IDN,1991,428305
Indonesia,IDN,1992,436930
Indonesia,IDN,1993,438868
Indonesia,IDN,1994,450191
Indonesia,IDN,1995,457801
Indonesia,IDN,1996,421751
Indonesia,IDN,1997,426800
Indonesia,IDN,1998,512165
Indonesia,IDN,1999,524687
Indonesia,IDN,2000,554574
Indonesia,IDN,2001,569234
Indonesia,IDN,2002,682019
Indonesia,IDN,2003,663571
Indonesia,IDN,2004,647385
Indonesia,IDN,2005,640365
Indonesia,IDN,2006,682158
Indonesia,IDN,2007,676475
Indonesia,IDN,2008,698016
Indonesia,IDN,2009,682591
Indonesia,IDN,2010,684076
Indonesia,IDN,2011,638600
Indonesia,IDN,2012,691163
Indonesia,IDN,2013,675800
Indonesia,IDN,2014,643900
Indonesia,IDN,2015,639412
Indonesia,IDN,2016,639305
Indonesia,IDN,2017,717962
Indonesia,IDN,2018,756051
Indonesia,IDN,2019,741657
Jamaica,JAM,1990,1560
Jamaica,JAM,1991,2280
Jamaica,JAM,1992,1920
Jamaica,JAM,1993,1500
Jamaica,JAM,1994,2460
Jamaica,JAM,1995,2580
Jamaica,JAM,1996,2580
Jamaica,JAM,1997,2887
Jamaica,JAM,1998,1740
Jamaica,JAM,1999,2340
Jamaica,JAM,2000,2220
Jamaica,JAM,2001,2880
Jamaica,JAM,2002,2760
Jamaica,JAM,2003,3300
Jamaica,JAM,2004,2400
Jamaica,JAM,2005,8897
Jamaica,JAM,2006,12390
Jamaica,JAM,2007,15117
Jamaica,JAM,2008,9035
Jamaica,JAM,2009,12456
Jamaica,JAM,2010,9121
Jamaica,JAM,2011,8099
Jamaica,JAM,2012,6687
Jamaica,JAM,2013,6984
Jamaica,JAM,2014,5298
Jamaica,JAM,2015,5755
Jamaica,JAM,2016,7580
Jamaica,JAM,2017,6222
Jamaica,JAM,2018,7085
Jamaica,JAM,2019,5587
Kenya,KEN,1990,103900
Kenya,KEN,1991,86400
Kenya,KEN,1992,85300
Kenya,KEN,1993,75100
Kenya,KEN,1994,79900
Kenya,KEN,1995,95400
Kenya,KEN,1996,97976
Kenya,KEN,1997,68642
Kenya,KEN,1998,53715
Kenya,KEN,1999,68100
Kenya,KEN,2000,100700
Kenya,KEN,2001,51700
Kenya,KEN,2002,51900
Kenya,KEN,2003,55443
Kenya,KEN,2004,48431
Kenya,KEN,2005,45200
Kenya,KEN,2006,48300
Kenya,KEN,2007,53368
Kenya,KEN,2008,42000
Kenya,KEN,2009,54000
Kenya,KEN,2010,42000
Kenya,KEN,2011,36300
Kenya,KEN,2012,49000
Kenya,KEN,2013,39800
Kenya,KEN,2014,49500
Kenya,KEN,2015,42000
Kenya,KEN,2016,46100
Kenya,KEN,2017,38620
Kenya,KEN,2018,41375
Kenya,KEN,2019,44500
Laos,LAO,1990,5204
Laos,LAO,1991,8017
Laos,LAO,1992,6582
Laos,LAO,1993,7622
Laos,LAO,1994,9035
Laos,LAO,1995,8576
Laos,LAO,1996,10020
Laos,LAO,1997,12300
Laos,LAO,1998,16999
Laos,LAO,1999,17530
Laos,LAO,2000,23500
Laos,LAO,2001,25796
Laos,LAO,2002,32197
Laos,LAO,2003,27850
Laos,LAO,2004,23100
Laos,LAO,2005,25000
Laos,LAO,2006,25250
Laos,LAO,2007,33200
Laos,LAO,2008,38985
Laos,LAO,2009,46035
Laos,LAO,2010,46290
Laos,LAO,2011,52010
Laos,LAO,2012,87330
Laos,LAO,2013,92045
Laos,LAO,2014,113580
Laos,LAO,2015,135925
Laos,LAO,2016,136600
Laos,LAO,2017,150795
Laos,LAO,2018,154435
Laos,LAO,2019,171380
Liberia,LBR,1990,1600
Liberia,LBR,1991,1300
Liberia,LBR,1992,3000
Liberia,LBR,1993,3000
Liberia,LBR,1994,3000
Liberia,LBR,1995,2997
Liberia,LBR,1996,3017
Liberia,LBR,1997,3041
Liberia,LBR,1998,3059
Liberia,LBR,1999,3079
Liberia,LBR,2000,3127
Liberia,LBR,2001,3200
Liberia,LBR,2002,3346
Liberia,LBR,2003,3539
Liberia,LBR,2004,3751
Liberia,LBR,2005,4080
Liberia,LBR,2006,4260
Liberia,LBR,2007,3180
Liberia,LBR,2008,2400
Liberia,LBR,2009,1800
Liberia,LBR,2010,600
Liberia,LBR,2011,650
Liberia,LBR,2012,650
Liberia,LBR,2013,637
Liberia,LBR,2014,651
Liberia,LBR,2015,628
Liberia,LBR,2016,639
Liberia,LBR,2017,639
Liberia,LBR,2018,635
Liberia,LBR,2019,638
Madagascar,MDG,1990,85000
Madagascar,MDG,1991,83865
Madagascar,MDG,1992,79882
Madagascar,MDG,1993,78000
Madagascar,MDG,1994,70000
Madagascar,MDG,1995,68000
Madagascar,MDG,1996,68000
Madagascar,MDG,1997,55000
Madagascar,MDG,1998,60000
Madagascar,MDG,1999,65000
Madagascar,MDG,2000,58080
Madagascar,MDG,2001,64530
Madagascar,MDG,2002,61520
Madagascar,MDG,2003,70315
Madagascar,MDG,2004,67775
Madagascar,MDG,2005,55500
Madagascar,MDG,2006,61635
Madagascar,MDG,2007,56470
Madagascar,MDG,2008,56978
Madagascar,MDG,2009,57491
Madagascar,MDG,2010,58178
Madagascar,MDG,2011,55698
Madagascar,MDG,2012,53364
Madagascar,MDG,2013,51628
Madagascar,MDG,2014,49223
Madagascar,MDG,2015,47507
Madagascar,MDG,2016,53093
Madagascar,MDG,2017,59602
Madagascar,MDG,2018,55542
Madagascar,MDG,2019,65760
Malawi,MWI,1990,6180
Malawi,MWI,1991,7500
Malawi,MWI,1992,8160
Malawi,MWI,1993,3780
Malawi,MWI,1994,5040
Malawi,MWI,1995,5460
Malawi,MWI,1996,4797
Malawi,MWI,1997,4552
Malawi,MWI,1998,3840
Malawi,MWI,1999,3540
Malawi,MWI,2000,3780
Malawi,MWI,2001,4320
Malawi,MWI,2002,2980
Malawi,MWI,2003,2584
Malawi,MWI,2004,1590
Malawi,MWI,2005,1181
Malawi,MWI,2006,2091
Malawi,MWI,2007,1403
Malawi,MWI,2008,1122
Malawi,MWI,2009,5510
Malawi,MWI,2010,4176
Malawi,MWI,2011,4015
Malawi,MWI,2012,5684
Malawi,MWI,2013,5699
Malawi,MWI,2014,6757
Malawi,MWI,2015,7217
Malawi,MWI,2016,7217
Malawi,MWI,2017,8420
Malawi,MWI,2018,11082
Malawi,MWI,2019,11000
Malaysia,MYS,1990,7215
Malaysia,MYS,1991,7600
Malaysia,MYS,1992,9000
Malaysia,MYS,1993,11100
Malaysia,MYS,1994,11200
Malaysia,MYS,1995,11300
Malaysia,MYS,1996,15000
Malaysia,MYS,1997,20000
Malaysia,MYS,1998,28000
Malaysia,MYS,1999,35000
Malaysia,MYS,2000,39800
Malaysia,MYS,2001,38500
Malaysia,MYS,2002,39200
Malaysia,MYS,2003,40000
Malaysia,MYS,2004,39200
Malaysia,MYS,2005,40000
Malaysia,MYS,2006,32779
Malaysia,MYS,2007,21213
Malaysia,MYS,2008,23061
Malaysia,MYS,2009,16332
Malaysia,MYS,2010,15768
Malaysia,MYS,2011,15064
Malaysia,MYS,2012,10427
Malaysia,MYS,2013,14739
Malaysia,MYS,2014,8186
Malaysia,MYS,2015,5929
Malaysia,MYS,2016,7170
Malaysia,MYS,2017,8109
Malaysia,MYS,2018,3369
Malaysia,MYS,2019,3559
Martinique,MTQ,1990,0
Martinique,MTQ,1991,75
Martinique,MTQ,1992,75
Martinique,MTQ,1993,75
Martinique,MTQ,1994,75
Martinique,MTQ,1995,35
Martinique,MTQ,1996,45
Martinique,MTQ,1997,40
Martinique,MTQ,1998,40
Martinique,MTQ,1999,41
Martinique,MTQ,2000,40
Martinique,MTQ,2001,40
Martinique,MTQ,2002,37
Martinique,MTQ,2003,35
Martinique,MTQ,2004,37
Martinique,MTQ,2005,33
Martinique,MTQ,2006,30
Mauritius,MUS,1990,0
Mauritius,MUS,1991,0
Mauritius,MUS,1992,0
Melanesia,OWID_MNS,1990,60975
Melanesia,OWID_MNS,1991,47685
Melanesia,OWID_MNS,1992,50794
Melanesia,OWID_MNS,1993,63803
Melanesia,OWID_MNS,1994,67222
Melanesia,OWID_MNS,1995,59661
Melanesia,OWID_MNS,1996,65166
Melanesia,OWID_MNS,1997,64615
Melanesia,OWID_MNS,1998,81036
Melanesia,OWID_MNS,1999,83144
Melanesia,OWID_MNS,2000,83063
Melanesia,OWID_MNS,2001,63807
Melanesia,OWID_MNS,2002,65155
Melanesia,OWID_MNS,2003,69349
Melanesia,OWID_MNS,2004,59911
Melanesia,OWID_MNS,2005,76134
Melanesia,OWID_MNS,2006,48475
Melanesia,OWID_MNS,2007,58132
Melanesia,OWID_MNS,2008,61743
Melanesia,OWID_MNS,2009,60279
Melanesia,OWID_MNS,2010,52272
Melanesia,OWID_MNS,2011,84945
Melanesia,OWID_MNS,2012,43678
Melanesia,OWID_MNS,2013,49749
Melanesia,OWID_MNS,2014,56960
Melanesia,OWID_MNS,2015,58028
Melanesia,OWID_MNS,2016,53777
Melanesia,OWID_MNS,2017,47037
Melanesia,OWID_MNS,2018,53212
Melanesia,OWID_MNS,2019,44034
Mexico,MEX,1990,440000
Mexico,MEX,1991,334330
Mexico,MEX,1992,359665
Mexico,MEX,1993,335627
Mexico,MEX,1994,324500
Mexico,MEX,1995,324526
Mexico,MEX,1996,374153
Mexico,MEX,1997,368315
Mexico,MEX,1998,277372
Mexico,MEX,1999,302119
Mexico,MEX,2000,338170
Mexico,MEX,2001,302996
Mexico,MEX,2002,313027
Mexico,MEX,2003,310861
Mexico,MEX,2004,312413
Mexico,MEX,2005,294364
Mexico,MEX,2006,279635
Mexico,MEX,2007,268565
Mexico,MEX,2008,260442
Mexico,MEX,2009,264472
Mexico,MEX,2010,245271
Mexico,MEX,2011,237056
Mexico,MEX,2012,246121
Mexico,MEX,2013,231596
Mexico,MEX,2014,214667
Mexico,MEX,2015,188934
Mexico,MEX,2016,151714
Mexico,MEX,2017,153777
Mexico,MEX,2018,158308
Mexico,MEX,2019,165712
Mozambique,MOZ,1990,937
Mozambique,MOZ,1991,900
Mozambique,MOZ,1992,700
Mozambique,MOZ,1993,1000
Mozambique,MOZ,1994,800
Mozambique,MOZ,1995,900
Mozambique,MOZ,1996,950
Mozambique,MOZ,1997,1000
Mozambique,MOZ,1998,838
Mozambique,MOZ,1999,813
Mozambique,MOZ,2000,600
Mozambique,MOZ,2001,782
Mozambique,MOZ,2002,787
Mozambique,MOZ,2003,802
Mozambique,MOZ,2004,750
Mozambique,MOZ,2005,680
Mozambique,MOZ,2006,700
Mozambique,MOZ,2007,720
Mozambique,MOZ,2008,730
Mozambique,MOZ,2009,740
Mozambique,MOZ,2010,770
Mozambique,MOZ,2011,800
Mozambique,MOZ,2012,900
Mozambique,MOZ,2013,900
Mozambique,MOZ,2014,817
Mozambique,MOZ,2015,804
Mozambique,MOZ,2016,840
Mozambique,MOZ,2017,821
Mozambique,MOZ,2018,805
Mozambique,MOZ,2019,805
Myanmar,MMR,1990,1378
Myanmar,MMR,1991,1300
Myanmar,MMR,1992,1200
Myanmar,MMR,1993,1400
Myanmar,MMR,1994,1500
Myanmar,MMR,1995,1500
Myanmar,MMR,1996,1700
Myanmar,MMR,1997,1900
Myanmar,MMR,1998,1700
Myanmar,MMR,1999,1800
Myanmar,MMR,2000,2100
Myanmar,MMR,2001,2300
Myanmar,MMR,2002,2700
Myanmar,MMR,2003,2960
Myanmar,MMR,2004,3500
Myanmar,MMR,2005,4000
Myanmar,MMR,2006,4800
Myanmar,MMR,2007,5900
Myanmar,MMR,2008,6300
Myanmar,MMR,2009,7000
Myanmar,MMR,2010,7300
Myanmar,MMR,2011,7600
Myanmar,MMR,2012,8000
Myanmar,MMR,2013,8100
Myanmar,MMR,2014,8400
Myanmar,MMR,2015,8300
Myanmar,MMR,2016,8474
Myanmar,MMR,2017,8547
Myanmar,MMR,2018,8678
Myanmar,MMR,2019,8769
Nepal,NPL,1995,25
Nepal,NPL,1996,29
Nepal,NPL,1997,37
Nepal,NPL,1998,56
Nepal,NPL,1999,45
Nepal,NPL,2000,72
Nepal,NPL,2001,89
Nepal,NPL,2002,139
Nepal,NPL,2003,188
Nepal,NPL,2004,218
Nepal,NPL,2005,250
Nepal,NPL,2006,300
Nepal,NPL,2007,460
Nepal,NPL,2008,500
Nepal,NPL,2009,268
Nepal,NPL,2010,307
Nepal,NPL,2011,402
Nepal,NPL,2012,425
Nepal,NPL,2013,366
Nepal,NPL,2014,430
Nepal,NPL,2015,464
Nepal,NPL,2016,532
Nepal,NPL,2017,466
Nepal,NPL,2018,513
Nepal,NPL,2019,639
New Caledonia,NCL,1990,300
New Caledonia,NCL,1991,69
New Caledonia,NCL,1992,78
New Caledonia,NCL,1993,59
New Caledonia,NCL,1994,44
New Caledonia,NCL,1995,29
New Caledonia,NCL,1996,25
New Caledonia,NCL,1997,42
New Caledonia,NCL,1998,35
New Caledonia,NCL,1999,48
New Caledonia,NCL,2000,18
New Caledonia,NCL,2001,56
New Caledonia,NCL,2002,20
New Caledonia,NCL,2003,18
New Caledonia,NCL,2004,60
New Caledonia,NCL,2005,25
New Caledonia,NCL,2006,25
New Caledonia,NCL,2007,21
New Caledonia,NCL,2008,33
New Caledonia,NCL,2009,9
New Caledonia,NCL,2010,13
New Caledonia,NCL,2011,19
New Caledonia,NCL,2012,6
New Caledonia,NCL,2013,7
New Caledonia,NCL,2014,5
New Caledonia,NCL,2015,6
New Caledonia,NCL,2016,4
New Caledonia,NCL,2017,5
New Caledonia,NCL,2018,3
New Caledonia,NCL,2019,2
Nicaragua,NIC,1990,27996
Nicaragua,NIC,1991,47421
Nicaragua,NIC,1992,44505
Nicaragua,NIC,1993,41818
Nicaragua,NIC,1994,40551
Nicaragua,NIC,1995,54587
Nicaragua,NIC,1996,49900
Nicaragua,NIC,1997,65169
Nicaragua,NIC,1998,65420
Nicaragua,NIC,1999,91791
Nicaragua,NIC,2000,82206
Nicaragua,NIC,2001,66799
Nicaragua,NIC,2002,60235
Nicaragua,NIC,2003,82727
Nicaragua,NIC,2004,57533
Nicaragua,NIC,2005,95455
Nicaragua,NIC,2006,70455
Nicaragua,NIC,2007,100000
Nicaragua,NIC,2008,75957
Nicaragua,NIC,2009,92205
Nicaragua,NIC,2010,78712
Nicaragua,NIC,2011,103882
Nicaragua,NIC,2012,86944
Nicaragua,NIC,2013,84146
Nicaragua,NIC,2014,86090
Nicaragua,NIC,2015,95255
Nicaragua,NIC,2016,122470
Nicaragua,NIC,2017,128111
Nicaragua,NIC,2018,141931
Nicaragua,NIC,2019,156902
Nigeria,NGA,1990,3030
Nigeria,NGA,1991,3200
Nigeria,NGA,1992,3380
Nigeria,NGA,1993,3580
Nigeria,NGA,1994,3720
Nigeria,NGA,1995,3090
Nigeria,NGA,1996,3780
Nigeria,NGA,1997,3700
Nigeria,NGA,1998,3700
Nigeria,NGA,1999,3750
Nigeria,NGA,2000,3830
Nigeria,NGA,2001,3850
Nigeria,NGA,2002,4100
Nigeria,NGA,2003,4360
Nigeria,NGA,2004,4660
Nigeria,NGA,2005,4990
Nigeria,NGA,2006,5340
Nigeria,NGA,2007,2520
Nigeria,NGA,2008,3000
Nigeria,NGA,2009,2040
Nigeria,NGA,2010,2400
Nigeria,NGA,2011,2525
Nigeria,NGA,2012,2417
Nigeria,NGA,2013,2100
Nigeria,NGA,2014,1972
Nigeria,NGA,2015,1755
Nigeria,NGA,2016,1942
Nigeria,NGA,2017,1897
Nigeria,NGA,2018,1864
Nigeria,NGA,2019,1901
Panama,PAN,1990,11547
Panama,PAN,1991,12174
Panama,PAN,1992,10945
Panama,PAN,1993,9766
Panama,PAN,1994,10400
Panama,PAN,1995,11702
Panama,PAN,1996,11113
Panama,PAN,1997,10527
Panama,PAN,1998,11435
Panama,PAN,1999,12024
Panama,PAN,2000,10255
Panama,PAN,2001,15074
Panama,PAN,2002,11390
Panama,PAN,2003,11587
Panama,PAN,2004,12779
Panama,PAN,2005,13153
Panama,PAN,2006,12844
Panama,PAN,2007,13790
Panama,PAN,2008,13324
Panama,PAN,2009,12961
Panama,PAN,2010,12470
Panama,PAN,2011,9826
Panama,PAN,2012,10049
Panama,PAN,2013,7096
Panama,PAN,2014,6688
Panama,PAN,2015,7464
Panama,PAN,2016,6135
Panama,PAN,2017,6588
Panama,PAN,2018,5579
Panama,PAN,2019,6840
Papua New Guinea,PNG,1990,60000
Papua New Guinea,PNG,1991,47220
Papua New Guinea,PNG,1992,50460
Papua New Guinea,PNG,1993,63540
Papua New Guinea,PNG,1994,67136
Papua New Guinea,PNG,1995,59589
Papua New Guinea,PNG,1996,65091
Papua New Guinea,PNG,1997,64524
Papua New Guinea,PNG,1998,80940
Papua New Guinea,PNG,1999,83040
Papua New Guinea,PNG,2000,83000
Papua New Guinea,PNG,2001,63720
Papua New Guinea,PNG,2002,65100
Papua New Guinea,PNG,2003,69300
Papua New Guinea,PNG,2004,59820
Papua New Guinea,PNG,2005,76080
Papua New Guinea,PNG,2006,48420
Papua New Guinea,PNG,2007,58080
Papua New Guinea,PNG,2008,61680
Papua New Guinea,PNG,2009,60240
Papua New Guinea,PNG,2010,52220
Papua New Guinea,PNG,2011,84870
Papua New Guinea,PNG,2012,43620
Papua New Guinea,PNG,2013,49680
Papua New Guinea,PNG,2014,56893
Papua New Guinea,PNG,2015,57982
Papua New Guinea,PNG,2016,53719
Papua New Guinea,PNG,2017,46980
Papua New Guinea,PNG,2018,53160
Papua New Guinea,PNG,2019,43980
Paraguay,PRY,1990,17576
Paraguay,PRY,1991,4519
Paraguay,PRY,1992,4850
Paraguay,PRY,1993,4950
Paraguay,PRY,1994,5002
Paraguay,PRY,1995,4008
Paraguay,PRY,1996,4024
Paraguay,PRY,1997,4823
Paraguay,PRY,1998,4752
Paraguay,PRY,1999,4726
Paraguay,PRY,2000,3586
Paraguay,PRY,2001,2751
Paraguay,PRY,2002,2434
Paraguay,PRY,2003,3085
Paraguay,PRY,2004,3353
Paraguay,PRY,2005,2900
Paraguay,PRY,2006,3040
Paraguay,PRY,2007,3100
Paraguay,PRY,2008,273
Paraguay,PRY,2009,281
Paraguay,PRY,2010,370
Paraguay,PRY,2011,370
Paraguay,PRY,2012,370
Paraguay,PRY,2013,382
Paraguay,PRY,2014,386
Paraguay,PRY,2015,395
Paraguay,PRY,2016,395
Paraguay,PRY,2017,442
Paraguay,PRY,2018,441
Paraguay,PRY,2019,399
Peru,PER,1990,81142
Peru,PER,1991,82635
Peru,PER,1992,86519
Peru,PER,1993,85603
Peru,PER,1994,91340
Peru,PER,1995,96697
Peru,PER,1996,106520
Peru,PER,1997,133296
Peru,PER,1998,144763
Peru,PER,1999,167145
Peru,PER,2000,191651
Peru,PER,2001,196232
Peru,PER,2002,212770
Peru,PER,2003,203148
Peru,PER,2004,231447
Peru,PER,2005,188611
Peru,PER,2006,273178
Peru,PER,2007,225992
Peru,PER,2008,273780
Peru,PER,2009,243479
Peru,PER,2010,264605
Peru,PER,2011,331547
Peru,PER,2012,320164
Peru,PER,2013,256241
Peru,PER,2014,222047
Peru,PER,2015,251938
Peru,PER,2016,277760
Peru,PER,2017,337330
Peru,PER,2018,369622
Peru,PER,2019,363320
Philippines,PHL,1990,125659
Philippines,PHL,1991,125017
Philippines,PHL,1992,126832
Philippines,PHL,1993,124415
Philippines,PHL,1994,123553
Philippines,PHL,1995,127412
Philippines,PHL,1996,117226
Philippines,PHL,1997,120006
Philippines,PHL,1998,107802
Philippines,PHL,1999,104124
Philippines,PHL,2000,107557
Philippines,PHL,2001,112271
Philippines,PHL,2002,107080
Philippines,PHL,2003,106388
Philippines,PHL,2004,102865
Philippines,PHL,2005,105847
Philippines,PHL,2006,104093
Philippines,PHL,2007,97877
Philippines,PHL,2008,97428
Philippines,PHL,2009,96433
Philippines,PHL,2010,94536
Philippines,PHL,2011,88526
Philippines,PHL,2012,88943
Philippines,PHL,2013,78634
Philippines,PHL,2014,75454
Philippines,PHL,2015,72342
Philippines,PHL,2016,68823
Philippines,PHL,2017,62078
Philippines,PHL,2018,60313
Philippines,PHL,2019,60044
Polynesia,OWID_PYA,1990,39
Polynesia,OWID_PYA,1991,44
Polynesia,OWID_PYA,1992,38
Polynesia,OWID_PYA,1993,41
Polynesia,OWID_PYA,1994,45
Polynesia,OWID_PYA,1995,52
Polynesia,OWID_PYA,1996,57
Polynesia,OWID_PYA,1997,51
Polynesia,OWID_PYA,1998,50
Polynesia,OWID_PYA,1999,46
Polynesia,OWID_PYA,2000,46
Polynesia,OWID_PYA,2001,47
Polynesia,OWID_PYA,2002,46
Polynesia,OWID_PYA,2003,42
Polynesia,OWID_PYA,2004,37
Polynesia,OWID_PYA,2005,40
Polynesia,OWID_PYA,2006,43
Polynesia,OWID_PYA,2007,42
Polynesia,OWID_PYA,2008,41
Polynesia,OWID_PYA,2009,43
Polynesia,OWID_PYA,2010,44
Polynesia,OWID_PYA,2011,46
Polynesia,OWID_PYA,2012,47
Polynesia,OWID_PYA,2013,48
Polynesia,OWID_PYA,2014,46
Polynesia,OWID_PYA,2015,48
Polynesia,OWID_PYA,2016,48
Polynesia,OWID_PYA,2017,48
Polynesia,OWID_PYA,2018,48
Polynesia,OWID_PYA,2019,47
Puerto Rico,PRI,1990,12927
Puerto Rico,PRI,1991,12701
Puerto Rico,PRI,1992,12701
Puerto Rico,PRI,1993,15478
Puerto Rico,PRI,1994,12700
Puerto Rico,PRI,1995,12701
Puerto Rico,PRI,1996,12175
Puerto Rico,PRI,1997,11567
Puerto Rico,PRI,1998,13393
Puerto Rico,PRI,1999,7000
Puerto Rico,PRI,2000,8250
Puerto Rico,PRI,2001,8650
Puerto Rico,PRI,2002,7600
Puerto Rico,PRI,2003,9308
Puerto Rico,PRI,2004,10206
Puerto Rico,PRI,2005,7938
Puerto Rico,PRI,2006,8000
Puerto Rico,PRI,2007,8100
Puerto Rico,PRI,2008,7263
Puerto Rico,PRI,2009,6929
Puerto Rico,PRI,2010,6432
Puerto Rico,PRI,2011,6037
Puerto Rico,PRI,2012,5629
Puerto Rico,PRI,2013,5206
Puerto Rico,PRI,2014,4674
Puerto Rico,PRI,2015,3369
Puerto Rico,PRI,2016,4416
Puerto Rico,PRI,2017,4153
Puerto Rico,PRI,2018,3980
Puerto Rico,PRI,2019,4183
Rwanda,RWA,1990,34680
Rwanda,RWA,1991,35000
Rwanda,RWA,1992,38824
Rwanda,RWA,1993,27510
Rwanda,RWA,1994,1274
Rwanda,RWA,1995,21952
Rwanda,RWA,1996,15285
Rwanda,RWA,1997,14830
Rwanda,RWA,1998,14268
Rwanda,RWA,1999,18800
Rwanda,RWA,2000,16098
Rwanda,RWA,2001,18366
Rwanda,RWA,2002,19427
Rwanda,RWA,2003,13805
Rwanda,RWA,2004,20017
Rwanda,RWA,2005,18597
Rwanda,RWA,2006,22223
Rwanda,RWA,2007,14683
Rwanda,RWA,2008,20724
Rwanda,RWA,2009,19372
Rwanda,RWA,2010,19319
Rwanda,RWA,2011,21820
Rwanda,RWA,2012,19995
Rwanda,RWA,2013,18346
Rwanda,RWA,2014,16379
Rwanda,RWA,2015,21808
Rwanda,RWA,2016,24689
Rwanda,RWA,2017,31718
Rwanda,RWA,2018,38643
Rwanda,RWA,2019,29366
Saint Vincent and the Grenadines,VCT,1990,150
Saint Vincent and the Grenadines,VCT,1991,152
Saint Vincent and the Grenadines,VCT,1992,155
Saint Vincent and the Grenadines,VCT,1993,150
Saint Vincent and the Grenadines,VCT,1994,155
Saint Vincent and the Grenadines,VCT,1995,160
Saint Vincent and the Grenadines,VCT,1996,163
Saint Vincent and the Grenadines,VCT,1997,164
Saint Vincent and the Grenadines,VCT,1998,173
Saint Vincent and the Grenadines,VCT,1999,170
Saint Vincent and the Grenadines,VCT,2000,160
Saint Vincent and the Grenadines,VCT,2001,155
Saint Vincent and the Grenadines,VCT,2002,150
Saint Vincent and the Grenadines,VCT,2003,145
Saint Vincent and the Grenadines,VCT,2004,150
Saint Vincent and the Grenadines,VCT,2005,165
Saint Vincent and the Grenadines,VCT,2006,175
Saint Vincent and the Grenadines,VCT,2007,180
Saint Vincent and the Grenadines,VCT,2008,200
Saint Vincent and the Grenadines,VCT,2009,220
Saint Vincent and the Grenadines,VCT,2010,200
Saint Vincent and the Grenadines,VCT,2011,189
Saint Vincent and the Grenadines,VCT,2012,170
Saint Vincent and the Grenadines,VCT,2013,175
Saint Vincent and the Grenadines,VCT,2014,177
Saint Vincent and the Grenadines,VCT,2015,181
Saint Vincent and the Grenadines,VCT,2016,184
Saint Vincent and the Grenadines,VCT,2017,184
Saint Vincent and the Grenadines,VCT,2018,183
Saint Vincent and the Grenadines,VCT,2019,183
Samoa,WSM,1990,18
Samoa,WSM,1991,17
Samoa,WSM,1992,16
Samoa,WSM,1993,15
Samoa,WSM,1994,14
Samoa,WSM,1995,13
Samoa,WSM,1996,12
Samoa,WSM,1997,11
Samoa,WSM,1998,10
Samoa,WSM,1999,9
Samoa,WSM,2000,8
Samoa,WSM,2001,8
Samoa,WSM,2002,8
Samoa,WSM,2003,8
Samoa,WSM,2004,8
Samoa,WSM,2005,8
Samoa,WSM,2006,8
Samoa,WSM,2007,8
Samoa,WSM,2008,8
Samoa,WSM,2009,8
Samoa,WSM,2010,10
Samoa,WSM,2011,10
Samoa,WSM,2012,11
Samoa,WSM,2013,11
Samoa,WSM,2014,11
Samoa,WSM,2015,11
Samoa,WSM,2016,11
Samoa,WSM,2017,11
Samoa,WSM,2018,11
Samoa,WSM,2019,11
Sao Tome and Principe,STP,1990,37
Sao Tome and Principe,STP,1991,11
Sao Tome and Principe,STP,1992,13
Sao Tome and Principe,STP,1993,20
Sao Tome and Principe,STP,1994,22
Sao Tome and Principe,STP,1995,17
Sao Tome and Principe,STP,1996,21
Sao Tome and Principe,STP,1997,45
Sao Tome and Principe,STP,1998,36
Sao Tome and Principe,STP,1999,58
Sao Tome and Principe,STP,2000,18
Sao Tome and Principe,STP,2001,22
Sao Tome and Principe,STP,2002,25
Sao Tome and Principe,STP,2003,23
Sao Tome and Principe,STP,2004,27
Sao Tome and Principe,STP,2005,28
Sao Tome and Principe,STP,2006,30
Sao Tome and Principe,STP,2007,23
Sao Tome and Principe,STP,2008,20
Sao Tome and Principe,STP,2009,18
Sao Tome and Principe,STP,2010,15
Sao Tome and Principe,STP,2011,6
Sao Tome and Principe,STP,2012,6
Sao Tome and Principe,STP,2013,4
Sao Tome and Principe,STP,2014,8
Sao Tome and Principe,STP,2015,9
Sao Tome and Principe,STP,2016,7
Sao Tome and Principe,STP,2017,7
Sao Tome and Principe,STP,2018,7
Sao Tome and Principe,STP,2019,7
Saudi Arabia,SAU,1990,0
Saudi Arabia,SAU,1991,0
Saudi Arabia,SAU,1992,0
Saudi Arabia,SAU,1993,0
Saudi Arabia,SAU,1994,0
Saudi Arabia,SAU,1995,0
Saudi Arabia,SAU,1996,0
Saudi Arabia,SAU,1997,0
Saudi Arabia,SAU,1998,0
Saudi Arabia,SAU,1999,0
Saudi Arabia,SAU,2000,0
Saudi Arabia,SAU,2001,0
Saudi Arabia,SAU,2002,0
Saudi Arabia,SAU,2003,0
Saudi Arabia,SAU,2004,0
Saudi Arabia,SAU,2005,0
Saudi Arabia,SAU,2006,0
Saudi Arabia,SAU,2007,0
Saudi Arabia,SAU,2008,0
Saudi Arabia,SAU,2009,0
Saudi Arabia,SAU,2010,0
Saudi Arabia,SAU,2011,0
Saudi Arabia,SAU,2012,0
Saudi Arabia,SAU,2013,0
Saudi Arabia,SAU,2014,0
Saudi Arabia,SAU,2015,0
Saudi Arabia,SAU,2016,0
Saudi Arabia,SAU,2017,0
Saudi Arabia,SAU,2018,0
Saudi Arabia,SAU,2019,0
Sierra Leone,SLE,1990,25800
Sierra Leone,SLE,1991,26000
Sierra Leone,SLE,1992,26000
Sierra Leone,SLE,1993,24700
Sierra Leone,SLE,1994,27805
Sierra Leone,SLE,1995,25025
Sierra Leone,SLE,1996,25000
Sierra Leone,SLE,1997,30700
Sierra Leone,SLE,1998,25000
Sierra Leone,SLE,1999,15350
Sierra Leone,SLE,2000,15000
Sierra Leone,SLE,2001,16267
Sierra Leone,SLE,2002,16705
Sierra Leone,SLE,2003,17000
Sierra Leone,SLE,2004,18000
Sierra Leone,SLE,2005,20000
Sierra Leone,SLE,2006,20500
Sierra Leone,SLE,2007,21000
Sierra Leone,SLE,2008,21200
Sierra Leone,SLE,2009,22000
Sierra Leone,SLE,2010,26130
Sierra Leone,SLE,2011,30449
Sierra Leone,SLE,2012,35000
Sierra Leone,SLE,2013,36000
Sierra Leone,SLE,2014,2756
Sierra Leone,SLE,2015,2756
Sierra Leone,SLE,2016,2275
Sierra Leone,SLE,2017,2277
Sierra Leone,SLE,2018,2685
Sierra Leone,SLE,2019,2399
Spain,ESP,1990,9
Spain,ESP,1991,7
Spain,ESP,1992,5
Spain,ESP,1993,5
Spain,ESP,1994,5
Sri Lanka,LKA,1990,7567
Sri Lanka,LKA,1991,7861
Sri Lanka,LKA,1992,8672
Sri Lanka,LKA,1993,10090
Sri Lanka,LKA,1994,11056
Sri Lanka,LKA,1995,11481
Sri Lanka,LKA,1996,11760
Sri Lanka,LKA,1997,11348
Sri Lanka,LKA,1998,10498
Sri Lanka,LKA,1999,10580
Sri Lanka,LKA,2000,9790
Sri Lanka,LKA,2001,10210
Sri Lanka,LKA,2002,9780
Sri Lanka,LKA,2003,9110
Sri Lanka,LKA,2004,7670
Sri Lanka,LKA,2005,7240
Sri Lanka,LKA,2006,6460
Sri Lanka,LKA,2007,6050
Sri Lanka,LKA,2008,5450
Sri Lanka,LKA,2009,5410
Sri Lanka,LKA,2010,5240
Sri Lanka,LKA,2011,5320
Sri Lanka,LKA,2012,5560
Sri Lanka,LKA,2013,5570
Sri Lanka,LKA,2014,6089
Sri Lanka,LKA,2015,5866
Sri Lanka,LKA,2016,5593
Sri Lanka,LKA,2017,5431
Sri Lanka,LKA,2018,6445
Sri Lanka,LKA,2019,4887
Suriname,SUR,1990,46
Suriname,SUR,1991,55
Suriname,SUR,1992,43
Suriname,SUR,1993,50
Suriname,SUR,1994,42
Suriname,SUR,1995,50
Suriname,SUR,1996,33
Suriname,SUR,1997,16
Suriname,SUR,1998,11
Suriname,SUR,1999,10
Suriname,SUR,2000,4
Suriname,SUR,2001,4
Suriname,SUR,2002,4
Suriname,SUR,2003,5
Suriname,SUR,2004,4
Suriname,SUR,2005,4
Suriname,SUR,2006,6
Suriname,SUR,2007,10
Suriname,SUR,2008,10
Suriname,SUR,2009,9
Suriname,SUR,2010,6
Suriname,SUR,2011,6
Suriname,SUR,2012,6
Suriname,SUR,2013,6
Suriname,SUR,2014,6
Suriname,SUR,2015,6
Suriname,SUR,2016,6
Suriname,SUR,2017,6
Suriname,SUR,2018,6
Suriname,SUR,2019,6
Taiwan,TWN,1990,0
Taiwan,TWN,1991,0
Taiwan,TWN,1992,0
Taiwan,TWN,1993,0
Taiwan,TWN,1994,0
Taiwan,TWN,1995,0
Taiwan,TWN,1996,0
Taiwan,TWN,1997,0
Taiwan,TWN,1998,0
Taiwan,TWN,1999,0
Taiwan,TWN,2000,0
Taiwan,TWN,2001,0
Taiwan,TWN,2002,0
Taiwan,TWN,2003,0
Taiwan,TWN,2004,0
Taiwan,TWN,2005,0
Taiwan,TWN,2006,0
Taiwan,TWN,2007,0
Taiwan,TWN,2008,0
Taiwan,TWN,2009,0
Taiwan,TWN,2010,0
Taiwan,TWN,2011,0
Taiwan,TWN,2012,0
Taiwan,TWN,2013,0
Taiwan,TWN,2014,0
Taiwan,TWN,2015,0
Taiwan,TWN,2016,0
Taiwan,TWN,2017,0
Taiwan,TWN,2018,0
Taiwan,TWN,2019,0
Tanzania,TZA,1990,53420
Tanzania,TZA,1991,46210
Tanzania,TZA,1992,56030
Tanzania,TZA,1993,59574
Tanzania,TZA,1994,34151
Tanzania,TZA,1995,41971
Tanzania,TZA,1996,52490
Tanzania,TZA,1997,43568
Tanzania,TZA,1998,38002
Tanzania,TZA,1999,46670
Tanzania,TZA,2000,47800
Tanzania,TZA,2001,58100
Tanzania,TZA,2002,66170
Tanzania,TZA,2003,52320
Tanzania,TZA,2004,72440
Tanzania,TZA,2005,95390
Tanzania,TZA,2006,34300
Tanzania,TZA,2007,48869
Tanzania,TZA,2008,43100
Tanzania,TZA,2009,62350
Tanzania,TZA,2010,40000
Tanzania,TZA,2011,60575
Tanzania,TZA,2012,66204
Tanzania,TZA,2013,71200
Tanzania,TZA,2014,48982
Tanzania,TZA,2015,42674
Tanzania,TZA,2016,60921
Tanzania,TZA,2017,47693
Tanzania,TZA,2018,45254
Tanzania,TZA,2019,68147
Thailand,THA,1990,71483
Thailand,THA,1991,47328
Thailand,THA,1992,80386
Thailand,THA,1993,70426
Thailand,THA,1994,78175
Thailand,THA,1995,86450
Thailand,THA,1996,80287
Thailand,THA,1997,83810
Thailand,THA,1998,78444
Thailand,THA,1999,54923
Thailand,THA,2000,81057
Thailand,THA,2001,86009
Thailand,THA,2002,53447
Thailand,THA,2003,53907
Thailand,THA,2004,61765
Thailand,THA,2005,59644
Thailand,THA,2006,46873
Thailand,THA,2007,55660
Thailand,THA,2008,50442
Thailand,THA,2009,56315
Thailand,THA,2010,48955
Thailand,THA,2011,42394
Thailand,THA,2012,41461
Thailand,THA,2013,37569
Thailand,THA,2014,37950
Thailand,THA,2015,26089
Thailand,THA,2016,30579
Thailand,THA,2017,25909
Thailand,THA,2018,23619
Thailand,THA,2019,26424
Timor,TLS,1990,8631
Timor,TLS,1991,8538
Timor,TLS,1992,7734
Timor,TLS,1993,8000
Timor,TLS,1994,9000
Timor,TLS,1995,10000
Timor,TLS,1996,10987
Timor,TLS,1997,9723
Timor,TLS,1998,11000
Timor,TLS,1999,12000
Timor,TLS,2000,13000
Timor,TLS,2001,14134
Timor,TLS,2002,14000
Timor,TLS,2003,12000
Timor,TLS,2004,14500
Timor,TLS,2005,14500
Timor,TLS,2006,14000
Timor,TLS,2007,14000
Timor,TLS,2008,14009
Timor,TLS,2009,10122
Timor,TLS,2010,12653
Timor,TLS,2011,8320
Timor,TLS,2012,3660
Timor,TLS,2013,4800
Timor,TLS,2014,6660
Timor,TLS,2015,3540
Timor,TLS,2016,4920
Timor,TLS,2017,3900
Timor,TLS,2018,8340
Timor,TLS,2019,6180
Togo,TGO,1990,12800
Togo,TGO,1991,24900
Togo,TGO,1992,6300
Togo,TGO,1993,11000
Togo,TGO,1994,10600
Togo,TGO,1995,12080
Togo,TGO,1996,22400
Togo,TGO,1997,10600
Togo,TGO,1998,20000
Togo,TGO,1999,17000
Togo,TGO,2000,15200
Togo,TGO,2001,16900
Togo,TGO,2002,7900
Togo,TGO,2003,5500
Togo,TGO,2004,9300
Togo,TGO,2005,7200
Togo,TGO,2006,8900
Togo,TGO,2007,9300
Togo,TGO,2008,9143
Togo,TGO,2009,11700
Togo,TGO,2010,11500
Togo,TGO,2011,12500
Togo,TGO,2012,10843
Togo,TGO,2013,10950
Togo,TGO,2014,15500
Togo,TGO,2015,16093
Togo,TGO,2016,17933
Togo,TGO,2017,18476
Togo,TGO,2018,19076
Togo,TGO,2019,21316
Tonga,TON,1990,13
Tonga,TON,1991,12
Tonga,TON,1992,13
Tonga,TON,1993,14
Tonga,TON,1994,14
Tonga,TON,1995,14
Tonga,TON,1996,15
Tonga,TON,1997,14
Tonga,TON,1998,14
Tonga,TON,1999,14
Tonga,TON,2000,14
Tonga,TON,2001,14
Tonga,TON,2002,14
Tonga,TON,2003,14
Tonga,TON,2004,14
Tonga,TON,2005,16
Tonga,TON,2006,18
Tonga,TON,2007,17
Tonga,TON,2008,17
Tonga,TON,2009,17
Tonga,TON,2010,16
Tonga,TON,2011,16
Tonga,TON,2012,16
Tonga,TON,2013,15
Tonga,TON,2014,15
Tonga,TON,2015,16
Tonga,TON,2016,15
Tonga,TON,2017,16
Tonga,TON,2018,16
Tonga,TON,2019,15
Trinidad and Tobago,TTO,1990,1944
Trinidad and Tobago,TTO,1991,914
Trinidad and Tobago,TTO,1992,707
Trinidad and Tobago,TTO,1993,874
Trinidad and Tobago,TTO,1994,1015
Trinidad and Tobago,TTO,1995,831
Trinidad and Tobago,TTO,1996,352
Trinidad and Tobago,TTO,1997,1102
Trinidad and Tobago,TTO,1998,367
Trinidad and Tobago,TTO,1999,343
Trinidad and Tobago,TTO,2000,553
Trinidad and Tobago,TTO,2001,406
Trinidad and Tobago,TTO,2002,247
Trinidad and Tobago,TTO,2003,586
Trinidad and Tobago,TTO,2004,109
Trinidad and Tobago,TTO,2005,350
Trinidad and Tobago,TTO,2006,720
Trinidad and Tobago,TTO,2007,60
Trinidad and Tobago,TTO,2008,60
Trinidad and Tobago,TTO,2009,129
Trinidad and Tobago,TTO,2010,51
Trinidad and Tobago,TTO,2011,73
Trinidad and Tobago,TTO,2012,51
Trinidad and Tobago,TTO,2013,51
Trinidad and Tobago,TTO,2014,51
Trinidad and Tobago,TTO,2015,31
Trinidad and Tobago,TTO,2016,707
Trinidad and Tobago,TTO,2017,707
Trinidad and Tobago,TTO,2018,720
Trinidad and Tobago,TTO,2019,800
Uganda,UGA,1990,128747
Uganda,UGA,1991,147366
Uganda,UGA,1992,110334
Uganda,UGA,1993,144551
Uganda,UGA,1994,198371
Uganda,UGA,1995,181465
Uganda,UGA,1996,287925
Uganda,UGA,1997,219624
Uganda,UGA,1998,205056
Uganda,UGA,1999,251881
Uganda,UGA,2000,143475
Uganda,UGA,2001,197410
Uganda,UGA,2002,209547
Uganda,UGA,2003,150871
Uganda,UGA,2004,170081
Uganda,UGA,2005,158100
Uganda,UGA,2006,133310
Uganda,UGA,2007,175346
Uganda,UGA,2008,211726
Uganda,UGA,2009,195871
Uganda,UGA,2010,166968
Uganda,UGA,2011,191371
Uganda,UGA,2012,186125
Uganda,UGA,2013,222894
Uganda,UGA,2014,220135
Uganda,UGA,2015,229149
Uganda,UGA,2016,243061
Uganda,UGA,2017,302063
Uganda,UGA,2018,284225
Uganda,UGA,2019,312601
United States,USA,1990,1016
United States,USA,1991,1016
United States,USA,1992,871
United States,USA,1993,1056
United States,USA,1994,1560
United States,USA,1995,1960
United States,USA,1996,2320
United States,USA,1997,3260
United States,USA,1998,3450
United States,USA,1999,3630
United States,USA,2000,3950
United States,USA,2001,3630
United States,USA,2002,3400
United States,USA,2003,3760
United States,USA,2004,2540
United States,USA,2005,3719
United States,USA,2006,3311
United States,USA,2007,3400
United States,USA,2008,3950
United States,USA,2009,3950
United States,USA,2010,3990
United States,USA,2011,3447
United States,USA,2012,3175
United States,USA,2013,3175
United States,USA,2014,3670
United States,USA,2015,2390
United States,USA,2016,1960
United States,USA,2017,2200
United States,USA,2018,2490
United States,USA,2019,2320
Vanuatu,VUT,1990,15
Vanuatu,VUT,1991,42
Vanuatu,VUT,1992,30
Vanuatu,VUT,1993,28
Vanuatu,VUT,1994,31
Vanuatu,VUT,1995,33
Vanuatu,VUT,1996,40
Vanuatu,VUT,1997,38
Vanuatu,VUT,1998,50
Vanuatu,VUT,1999,45
Vanuatu,VUT,2000,30
Vanuatu,VUT,2001,15
Vanuatu,VUT,2002,20
Vanuatu,VUT,2003,16
Vanuatu,VUT,2004,16
Vanuatu,VUT,2005,14
Vanuatu,VUT,2006,16
Vanuatu,VUT,2007,16
Vanuatu,VUT,2008,15
Vanuatu,VUT,2009,15
Vanuatu,VUT,2010,24
Vanuatu,VUT,2011,40
Vanuatu,VUT,2012,34
Vanuatu,VUT,2013,42
Vanuatu,VUT,2014,41
Vanuatu,VUT,2015,32
Vanuatu,VUT,2016,38
Vanuatu,VUT,2017,37
Vanuatu,VUT,2018,36
Vanuatu,VUT,2019,37
Venezuela,VEN,1990,76412
Venezuela,VEN,1991,68404
Venezuela,VEN,1992,69340
Venezuela,VEN,1993,66476
Venezuela,VEN,1994,68404
Venezuela,VEN,1995,65088
Venezuela,VEN,1996,73026
Venezuela,VEN,1997,63000
Venezuela,VEN,1998,66840
Venezuela,VEN,1999,79854
Venezuela,VEN,2000,78440
Venezuela,VEN,2001,91877
Venezuela,VEN,2002,84470
Venezuela,VEN,2003,64265
Venezuela,VEN,2004,71503
Venezuela,VEN,2005,64484
Venezuela,VEN,2006,74332
Venezuela,VEN,2007,70311
Venezuela,VEN,2008,72000
Venezuela,VEN,2009,63193
Venezuela,VEN,2010,71687
Venezuela,VEN,2011,72109
Venezuela,VEN,2012,60917
Venezuela,VEN,2013,62069
Venezuela,VEN,2014,52683
Venezuela,VEN,2015,49987
Venezuela,VEN,2016,50948
Venezuela,VEN,2017,56630
Venezuela,VEN,2018,56525
Venezuela,VEN,2019,57015
Vietnam,VNM,1990,92000
Vietnam,VNM,1991,100000
Vietnam,VNM,1992,119200
Vietnam,VNM,1993,136100
Vietnam,VNM,1994,180000
Vietnam,VNM,1995,218000
Vietnam,VNM,1996,320100
Vietnam,VNM,1997,420500
Vietnam,VNM,1998,409300
Vietnam,VNM,1999,553200
Vietnam,VNM,2000,802500
Vietnam,VNM,2001,840600
Vietnam,VNM,2002,699500
Vietnam,VNM,2003,793700
Vietnam,VNM,2004,913800
Vietnam,VNM,2005,831000
Vietnam,VNM,2006,985300
Vietnam,VNM,2007,1251000
Vietnam,VNM,2008,1055811
Vietnam,VNM,2009,1057540
Vietnam,VNM,2010,1105700
Vietnam,VNM,2011,1276506
Vietnam,VNM,2012,1260463
Vietnam,VNM,2013,1326688
Vietnam,VNM,2014,1406469
Vietnam,VNM,2015,1452999
Vietnam,VNM,2016,1460800
Vietnam,VNM,2017,1542398
Vietnam,VNM,2018,1616307
Vietnam,VNM,2019,1686765
World,OWID_WRL,1990,6063096
World,OWID_WRL,1991,6063339
World,OWID_WRL,1992,6086346
World,OWID_WRL,1993,5554947
World,OWID_WRL,1994,5722718
World,OWID_WRL,1995,5529156
World,OWID_WRL,1996,6197691
World,OWID_WRL,1997,6072140
World,OWID_WRL,1998,6632659
World,OWID_WRL,1999,6790804
World,OWID_WRL,2000,7502036
World,OWID_WRL,2001,7379889
World,OWID_WRL,2002,7930086
World,OWID_WRL,2003,7038779
World,OWID_WRL,2004,7862163
World,OWID_WRL,2005,7390107
World,OWID_WRL,2006,8147327
World,OWID_WRL,2007,8137885
World,OWID_WRL,2008,8489941
World,OWID_WRL,2009,7793293
World,OWID_WRL,2010,8477444
World,OWID_WRL,2011,8387101
World,OWID_WRL,2012,8816495
World,OWID_WRL,2013,8886624
World,OWID_WRL,2014,8763841
World,OWID_WRL,2015,8847703
World,OWID_WRL,2016,9356902
World,OWID_WRL,2017,9313609
World,OWID_WRL,2018,10368369
World,OWID_WRL,2019,10029194
Yemen,YEM,1990,7411
Yemen,YEM,1991,5430
Yemen,YEM,1992,8218
Yemen,YEM,1993,8727
Yemen,YEM,1994,8480
Yemen,YEM,1995,8993
Yemen,YEM,1996,10600
Yemen,YEM,1997,10325
Yemen,YEM,1998,11283
Yemen,YEM,1999,11182
Yemen,YEM,2000,11363
Yemen,YEM,2001,11906
Yemen,YEM,2002,11499
Yemen,YEM,2003,11608
Yemen,YEM,2004,10260
Yemen,YEM,2005,11331
Yemen,YEM,2006,17292
Yemen,YEM,2007,18330
Yemen,YEM,2008,18788
Yemen,YEM,2009,18924
Yemen,YEM,2010,19029
Yemen,YEM,2011,19275
Yemen,YEM,2012,19828
Yemen,YEM,2013,19984
Yemen,YEM,2014,20059
Yemen,YEM,2015,19257
Yemen,YEM,2016,18945
Yemen,YEM,2017,18767
Yemen,YEM,2018,18642
Yemen,YEM,2019,20812
Zambia,ZMB,1990,1380
Zambia,ZMB,1991,1740
Zambia,ZMB,1992,1792
Zambia,ZMB,1993,1531
Zambia,ZMB,1994,1582
Zambia,ZMB,1995,1232
Zambia,ZMB,1996,1580
Zambia,ZMB,1997,2167
Zambia,ZMB,1998,2628
Zambia,ZMB,1999,3480
Zambia,ZMB,2000,5400
Zambia,ZMB,2001,5760
Zambia,ZMB,2002,6480
Zambia,ZMB,2003,6060
Zambia,ZMB,2004,5000
Zambia,ZMB,2005,4500
Zambia,ZMB,2006,4744
Zambia,ZMB,2007,5100
Zambia,ZMB,2008,5863
Zambia,ZMB,2009,6290
Zambia,ZMB,2010,6422
Zambia,ZMB,2011,6137
Zambia,ZMB,2012,6303
Zambia,ZMB,2013,6289
Zambia,ZMB,2014,6401
Zambia,ZMB,2015,6517
Zambia,ZMB,2016,6609
Zambia,ZMB,2017,6509
Zambia,ZMB,2018,6545
Zambia,ZMB,2019,6555
Zimbabwe,ZWE,1990,13569
Zimbabwe,ZWE,1991,12091
Zimbabwe,ZWE,1992,4995
Zimbabwe,ZWE,1993,4000
Zimbabwe,ZWE,1994,9420
Zimbabwe,ZWE,1995,7860
Zimbabwe,ZWE,1996,11500
Zimbabwe,ZWE,1997,9300
Zimbabwe,ZWE,1998,10000
Zimbabwe,ZWE,1999,10000
Zimbabwe,ZWE,2000,9100
Zimbabwe,ZWE,2001,7518
Zimbabwe,ZWE,2002,8050
Zimbabwe,ZWE,2003,10000
Zimbabwe,ZWE,2004,5800
Zimbabwe,ZWE,2005,3960
Zimbabwe,ZWE,2006,2700
Zimbabwe,ZWE,2007,1860
Zimbabwe,ZWE,2008,1440
Zimbabwe,ZWE,2009,1260
Zimbabwe,ZWE,2010,600
Zimbabwe,ZWE,2011,540
Zimbabwe,ZWE,2012,540
Zimbabwe,ZWE,2013,783
Zimbabwe,ZWE,2014,850
Zimbabwe,ZWE,2015,500
Zimbabwe,ZWE,2016,700
Zimbabwe,ZWE,2017,655
Zimbabwe,ZWE,2018,521
Zimbabwe,ZWE,2019,516
